Section,Use Case,Comment Template
Chevrolet & Silverado,General Mod Blog,"Great breakdown on the Silverado platform. I’ve noticed that while everyone focuses on the lift and tires, the branding really sets a build apart. I recently looked into some <a href=""https://engravingnation.store/products?make=Chevrolet"">custom chevy emblems</a> to replace the factory plastic, and the difference in quality is night and day. Keep up the great content!"
Chevrolet & Silverado,Maintenance / Repair Blog,"Thanks for the tip on removing the old adhesive! I was struggling with my tailgate logo. Since I have to do a <a href=""https://engravingnation.store/products?make=Chevrolet"">silverado emblem replacement</a> anyway, I figured I’d go with something more durable like a custom-engraved metal piece instead of another OEM plastic one. This guide made the removal much easier."
Chevrolet & Silverado,Show Truck / Aesthetic Gallery,"Those photos are stunning. The contrast on that black Silverado is perfect. I’ve been trying to find a way to make my front end pop without using a basic overlay, and a hand-<a href=""https://engravingnation.store/products?make=Chevrolet"">engraved chevy logo</a> seems like the way to go for that high-end look. Thanks for the inspiration!"
Chevrolet & Silverado,Off-Road / Z71 Discussion,"Excellent points on the Trail Boss upgrades. For anyone doing a lot of off-roading, the factory stickers eventually peel off anyway. Upgrading to permanent <a href=""https://engravingnation.store/products?make=Chevrolet"">silverado badges</a> made of metal is a great way to ensure the branding actually lasts as long as the truck does. Definitely worth the investment."
Chevrolet & Silverado,New Truck News / 2026 Models,"Really interesting to see where Chevy is taking the design this year. I'm already planning my build for the new model, and I think a set of <a href=""https://engravingnation.store/products?make=Chevrolet"">custom silverado badges</a> will be the first thing I swap out to get rid of that 'stock' look immediately. Great write-up!"
GMC & Sierra,General Mod Blog,"The Sierra Denali is such a clean platform to work with. I really like your points on the interior trim, but I think the exterior branding is where you can really make a statement. Adding a <a href=""https://engravingnation.store/products?make=GMC"">custom gmc emblem</a> that is actually hand-engraved adds that bespoke feel that the dealership options lack. Great tips!"
GMC & Sierra,Maintenance / Repair Blog,"I had the same issue with my grille badge fading after just a year. Instead of doing another OEM swap, I'm looking into a <a href=""https://engravingnation.store/products?make=GMC"">gmc emblem replacement</a> made from solid metal. It seems like the only way to avoid having to fix it again in 12 months. Thanks for the DIY guide!"
GMC & Sierra,Aesthetic / Luxury Focus,"This is the most detailed guide on Sierra styling I've seen. The 'professional grade' look is all about the fine details. I’ve seen some incredible <a href=""https://engravingnation.store/products?make=GMC"">engraved gmc badges</a> that elevate the truck's look to a whole different level. It really gives that custom shop vibe. Thanks for sharing!"
GMC & Sierra,Professional / Denali Focus,"Spot on about the Denali's luxury appeal. It’s the perfect truck for subtle but high-end mods. Swapping out the standard logos for <a href=""https://engravingnation.store/products?make=GMC"">sierra denali emblems</a> that have that custom scrollwork is a huge upgrade for any professional build. Really enjoyed this article!"
GMC & Sierra,New Model News,"The 2026 GMC lineup is looking incredible. I'm already thinking about how to personalize mine. I think some <a href=""https://engravingnation.store/products?make=GMC"">custom gmc truck parts</a> like engraved mirror caps or badges would be the perfect way to stand out from all the other new ones on the road."
Ford & F-150,Blackout Focus,"I'm obsessed with the stealth look you've achieved here. The blackout theme is definitely the way to go for the F-150. I found that using a <a href=""https://engravingnation.store/products/black-ford-emblem"">black ford emblem</a> with actual engraved texture looks so much better than just a flat vinyl wrap or spray paint. It really adds depth to the grille!"
Ford & F-150,General Mod Blog,"Great F-Series build! I love the direction you're taking with the suspension. For the branding, I've seen some really cool <a href=""https://engravingnation.store/products?make=Ford"">custom ford truck badges</a> that would fit this aesthetic perfectly. It’s those small touches that really finish a truck. Keep it up!"
Ford & F-150,Durability Focus,"You make a good point about the aluminum body and corrosion. It’s also why I prefer an <a href=""https://engravingnation.store/products/black-ford-emblem"">engraved ford oval</a> over the plastic ones—they just hold up so much better in harsh weather. Thanks for the durability tips!"
Ford & F-150,Luxury / Platinum Focus,"The Platinum Ford is already such a nice truck, but there’s always room for more personalization. I think <a href=""https://engravingnation.store/products/black-ford-emblem"">ford blackout emblems</a> with custom filigree patterns are the ultimate way to lean into that high-end luxury feel. Awesome post!"
Ford & F-150,Classic Ford Restoration,"Restoring these old Fords is a passion of mine. Finding authentic-looking parts is the hardest part. I recently saw some <a href=""https://engravingnation.store/products?make=Ford"">customized f150 badges</a> that have that vintage feel but with modern durability. It really helps complete the restoration perfectly."
RAM & Tough Focus,"The RAM's aggressive styling is its best feature. To really lean into that 'tough' look, I've been eyeing some <a href=""https://engravingnation.store/products?make=RAM"">custom ram emblem</a> options that are CNC-engraved from steel. It matches the truck's personality so much better than the stock plastic. Great write-up!"
RAM & General Mod Blog,"Love the RAM build you have going here. For the tailgate, have you thought about doing <a href=""https://engravingnation.store/products?make=RAM"">engraved ram badges</a>? It’s a subtle change but it makes a huge difference when you see it in person. Thanks for the build updates!"
RAM & Off-road / TRX Focus,"TRX owners always want the best of the best. For a truck that performs this well, the branding should match. Those <a href=""https://engravingnation.store/products?make=RAM"">ram 1500 custom parts</a> with deep-etched patterns really stand out in the dirt. Keep the off-road content coming!"
RAM & Interior / Trim Focus,"The RAM interior is already top-tier, but these custom touches are what make it personal. I've even seen <a href=""https://engravingnation.store/products?make=RAM"">heavy duty ram emblems</a> used as interior accents for a truly custom cabin feel. Really creative ideas here!"
RAM & Reliability Focus,"Spot on about the need for quality parts on a work truck. Plastic badges always eventually fail, but these <a href=""https://engravingnation.store/products?make=RAM"">cnc engraved ram logos</a> made of metal are practically indestructible. Thanks for the reliability advice!"
General Customization,DIY / Artist Focus,"It's amazing to see the level of craftsmanship that goes into these builds. I’m a huge fan of <a href=""https://engravingnation.store/products"">engraved car parts</a> because they show a level of human touch that you just don't get with mass-produced accessories. Truly inspiring work!"
General Customization,Luxury Gift Focus,"This is a great gift guide! For the car lover who has everything, I think <a href=""https://engravingnation.store"">custom automotive engraving</a> is the ultimate unique gift. It’s personal, permanent, and looks incredible on any build. Thanks for the gift ideas!"
General Customization,Metal vs Plastic,"You nailed the comparison here. There’s really no contest when you see <a href=""https://engravingnation.store/products"">hand-engraved car emblems</a> in person compared to the cheap plastic ones. The weight and texture tell you everything you need to know about the quality. Great article!"
General Customization,Automotive Show Focus,"Every year the builds at the show get better and better. This year I noticed a lot more focus on bespoke details and <a href=""https://engravingnation.store"">premium truck accessories</a>. It’s the little things like engraved door handles and badges that win the trophies. Awesome recap!"
General Customization,General Branding,"Branding is everything for a custom shop. Using <a href=""https://engravingnation.store/products"">custom metal car badges</a> instead of stickers is the fastest way to show your customers that you care about quality down to the last millimeter. Thanks for the branding tips!"
