Publish Date,Title/Topic,Content Type,Target Keyword,Assigned To,Status
Jan 15 2024,"The Ultimate Guide to Custom Silverado Emblem Upgrades (2026)",Guide,chevy emblem installation,Team,Published
Mar 10 2024,"GMC Sierra Styling: The Stealth Black Chrome Look",Styling,gmc sierra custom emblem,Team,Published
Jun 20 2024,"Ford F-150 Customization: Beyond the Stock Badge",Customization,ford f150 custom emblem,Team,Published
Sep 05 2024,"History of Automotive Engraving: From Hot Rods to Luxury Trucks",Heritage,history of car engraving,Team,Published
Nov 12 2024,"Mirror Caps vs. Vinyl Wraps: The Durability Deep-Dive",Maintenance,mirror caps durability,Team,Published
Feb 18 2025,"Fitment Guide: Decoding Chevy & GMC Emblem Sizes",Technical,truck emblem fitment,Team,Published
May 22 2025,"Top 5 Truck Mods for 2026: Aesthetics meeting Performance",Trends,truck customization trends,Team,Published
Aug 14 2025,"The Art of Deep-Etching: How we create our Signature Patterns",Craftsmanship,hand engraved emblems,Team,Published
Nov 20 2025,"RAM 1500 Upgrades: Making the 'Big Horn' Truly Unique",Customization,ram 1500 custom parts,Team,Published
Dec 15 2025,"Gift Guide for Truck Enthusiasts: High-End Automotive Art",Lifestyle,truck enthusiast gifts,Team,Published
Feb 10 2026,"How to Install Your Engraved Chevy Emblem: Step-by-Step",Guide + Video,chevy emblem installation,Team,Published
Mar 25 2026,"2019-2024 Silverado Custom Emblem Buyer's Guide",Buyer Guide,2024 silverado custom emblem,Team,Published
Apr 01 2026,"Engraving vs. Vinyl Overlays: Which Lasts Longer?",Comparison,emblem overlay vs engraving,Team,Published
Apr 04 2026,"Customer Spotlight: Best Builds of Q1 2026",Case Study,custom truck builds,Team,Published
Apr 07 2026,"Ford Super Duty Emblem Upgrade Guide (F-250/F-350)",Guide,ford f250 custom emblem,Team,Scheduled
Apr 10 2026,"How to Measure Your Truck Emblem: Visual Guide",Technical,truck emblem size guide,Team,Scheduled
Apr 13 2026,"GMC Denali Premium Styling Package",Lifestyle,denali custom emblem,Team,Scheduled
Apr 16 2026,"RAM 1500 TRX Custom Badge: The Bold Choice",Product Feature,ram trx emblem,Team,Scheduled
Apr 22 2026,"Complete Color Matching Guide for Custom Emblems",Technical,custom emblem color match,Team,Scheduled
Apr 25 2026,"Why Hand-Engraving Outlasts Machine-Etching",Education,hand engraved vs machine,Team,Scheduled
May 01 2026,"Mirror Cap Installation: Everything You Need to Know",Guide + Video,mirror cap installation guide,Team,Scheduled
May 03 2026,"SEMA 2026: Top Trends in Custom Truck Accessories",Trends,sema 2026 truck trends,Team,Scheduled
Apr 13 2026,"2026 GMC Sierra Denali Customization Guide",Guide,gmc sierra custom emblem,Team,Published
