Domain,DR,Linking to Competitors,Opportunity Type,Suggested Target URL,Pitch Angle
offroadxtreme.com,78,"billetbadges.com; royaltycore.com; autobadges.com",Guest Post,/articles/engraving-vs-vinyl-overlays-durability-comparison,Data-backed durability comparison
drivingline.com,74,"billetbadges.com; tso.co; maineventemblems.com",Editorial Feature,/articles/how-to-measure-truck-emblem-size-fitment-guide,Technical fitment expertise
streettrucksmag.com,67,"royaltycore.com; boss-fab.com; tso.co",Build Feature,/gallery,Customer build showcase
trucktrend.com,81,"autobadges.com; royaltycore.com; billetbadges.com",Expert Commentary,/articles/sema-2026-custom-truck-accessory-trends,SEMA trend insights
motortrend.com,90,"autobadges.com; royaltycore.com; maineventemblems.com",Source Quote,/articles/hand-engraved-vs-machine-etched-emblems-durability,Craftsmanship authority
pickuptrucktalk.com,57,"boss-fab.com; billetbadges.com; forgedconcepts.org",How-To Contribution,/articles/how-to-remove-chevy-emblems-2014-2018-silverado,Step-by-step removal guidance
gm-trucks.com,64,"billetbadges.com; maineventemblems.com; tso.co",Forum/Resource Mention,/fitment,Useful fitment reference resource
alloutoffroad.com,52,"royaltycore.com; boss-fab.com; forgedconcepts.org",Resource List Placement,/products,High-intent accessory discovery
customoffsets.com,69,"tso.co; royaltycore.com; billetbadges.com",Partner Content,/articles/custom-truck-emblem-paint-color-matching-guide,Paint-code matching guide
dieselpowerproducts.com,58,"boss-fab.com; maineventemblems.com; autobadges.com",Buyer Guide Inclusion,/articles/2019-2024-silverado-emblem-buyers-guide,Platform-specific buying advice
